Plugin ID,CVE,CVSS v2.0 Base Score,Risk,Host,Protocol,Port,Name,Synopsis,Description,Solution,See Also,Plugin Output
"10180","","","None","10.0.0.1","tcp","0","Ping the remote host","It was possible to identify the status of the remote host (alive or
dead).","Nessus was able to determine if the remote host is alive using one or
more of the following ping types :

  - An ARP ping, provided the host is on the local subnet
    and Nessus is running over Ethernet.

  - An ICMP ping.

  - A TCP ping, in which the plugin sends to the remote host
    a packet with the flag SYN, and the host will reply with
    a RST or a SYN/ACK.

  - A UDP ping (e.g., DNS, RPC, and NTP).","n/a","","The remote host is up
The remote host replied to an ICMP echo packet"
"19506","","","None","10.0.0.1","tcp","0","Nessus Scan Information","This plugin displays information about the Nessus scan.","This plugin displays, for each tested host, information about the
scan itself :

  - The version of the plugin set.
  - The type of scanner (Nessus or Nessus Home).
  - The version of the Nessus Engine.
  - The port scanner(s) used.
  - The port range scanned.
  - The ping round trip time 
  - Whether credentialed or third-party patch management
    checks are possible.
  - Whether the display of superseded patches is enabled
  - The date of the scan.
  - The duration of the scan.
  - The number of hosts scanned in parallel.
  - The number of checks done in parallel.","n/a","","Information about this scan : 

Nessus version : 10.9.2
Nessus build : 20017
Plugin feed version : 202508071851
Scanner edition used : Nessus Home
Scanner OS : LINUX
Scanner distribution : ubuntu1604-x86-64
Scan type : Normal
Scan name : My Host Discovery Scan
Scan policy used : Host Discovery
Scanner IP : 172.20.0.2

WARNING : No port scanner was enabled during the scan. This may
lead to incomplete results.

Port range : default
Ping RTT : 9.948 ms
Thorough tests : no
Experimental tests : no
Scan for Unpatched Vulnerabilities : no
Plugin debugging enabled : no
Paranoia level : 1
Report verbosity : 1
Safe checks : yes
Optimize the test : yes
Credentialed checks : no
Patch management checks : None
Display superseded patches : yes (supersedence plugin did not launch)
CGI scanning : disabled
Web application tests : disabled
Max hosts : 256
Max checks : 5
Recv timeout : 5
Backports : None
Allow post-scan editing : Yes
Nessus Plugin Signature Checking : Enabled
Audit File Signature Checking : Disabled
Scan Start Date : 2025/8/8 1:59 EDT (UTC -04:00)
Scan duration : 96 sec
Scan for malware : no
"
"10180","","","None","10.0.0.22","tcp","0","Ping the remote host","It was possible to identify the status of the remote host (alive or
dead).","Nessus was able to determine if the remote host is alive using one or
more of the following ping types :

  - An ARP ping, provided the host is on the local subnet
    and Nessus is running over Ethernet.

  - An ICMP ping.

  - A TCP ping, in which the plugin sends to the remote host
    a packet with the flag SYN, and the host will reply with
    a RST or a SYN/ACK.

  - A UDP ping (e.g., DNS, RPC, and NTP).","n/a","","The remote host is up
The remote host replied to an ICMP echo packet"
"19506","","","None","10.0.0.22","tcp","0","Nessus Scan Information","This plugin displays information about the Nessus scan.","This plugin displays, for each tested host, information about the
scan itself :

  - The version of the plugin set.
  - The type of scanner (Nessus or Nessus Home).
  - The version of the Nessus Engine.
  - The port scanner(s) used.
  - The port range scanned.
  - The ping round trip time 
  - Whether credentialed or third-party patch management
    checks are possible.
  - Whether the display of superseded patches is enabled
  - The date of the scan.
  - The duration of the scan.
  - The number of hosts scanned in parallel.
  - The number of checks done in parallel.","n/a","","Information about this scan : 

Nessus version : 10.9.2
Nessus build : 20017
Plugin feed version : 202508071851
Scanner edition used : Nessus Home
Scanner OS : LINUX
Scanner distribution : ubuntu1604-x86-64
Scan type : Normal
Scan name : My Host Discovery Scan
Scan policy used : Host Discovery
Scanner IP : 172.20.0.2

WARNING : No port scanner was enabled during the scan. This may
lead to incomplete results.

Port range : default
Ping RTT : 5.186 ms
Thorough tests : no
Experimental tests : no
Scan for Unpatched Vulnerabilities : no
Plugin debugging enabled : no
Paranoia level : 1
Report verbosity : 1
Safe checks : yes
Optimize the test : yes
Credentialed checks : no
Patch management checks : None
Display superseded patches : yes (supersedence plugin did not launch)
CGI scanning : disabled
Web application tests : disabled
Max hosts : 256
Max checks : 5
Recv timeout : 5
Backports : None
Allow post-scan editing : Yes
Nessus Plugin Signature Checking : Enabled
Audit File Signature Checking : Disabled
Scan Start Date : 2025/8/8 1:58 EDT (UTC -04:00)
Scan duration : 50 sec
Scan for malware : no
"
"10180","","","None","10.0.0.42","tcp","0","Ping the remote host","It was possible to identify the status of the remote host (alive or
dead).","Nessus was able to determine if the remote host is alive using one or
more of the following ping types :

  - An ARP ping, provided the host is on the local subnet
    and Nessus is running over Ethernet.

  - An ICMP ping.

  - A TCP ping, in which the plugin sends to the remote host
    a packet with the flag SYN, and the host will reply with
    a RST or a SYN/ACK.

  - A UDP ping (e.g., DNS, RPC, and NTP).","n/a","","The remote host is up
The remote host replied to an ICMP echo packet"
"19506","","","None","10.0.0.42","tcp","0","Nessus Scan Information","This plugin displays information about the Nessus scan.","This plugin displays, for each tested host, information about the
scan itself :

  - The version of the plugin set.
  - The type of scanner (Nessus or Nessus Home).
  - The version of the Nessus Engine.
  - The port scanner(s) used.
  - The port range scanned.
  - The ping round trip time 
  - Whether credentialed or third-party patch management
    checks are possible.
  - Whether the display of superseded patches is enabled
  - The date of the scan.
  - The duration of the scan.
  - The number of hosts scanned in parallel.
  - The number of checks done in parallel.","n/a","","Information about this scan : 

Nessus version : 10.9.2
Nessus build : 20017
Plugin feed version : 202508071851
Scanner edition used : Nessus Home
Scanner OS : LINUX
Scanner distribution : ubuntu1604-x86-64
Scan type : Normal
Scan name : My Host Discovery Scan
Scan policy used : Host Discovery
Scanner IP : 172.20.0.2

WARNING : No port scanner was enabled during the scan. This may
lead to incomplete results.

Port range : default
Ping RTT : 7.143 ms
Thorough tests : no
Experimental tests : no
Scan for Unpatched Vulnerabilities : no
Plugin debugging enabled : no
Paranoia level : 1
Report verbosity : 1
Safe checks : yes
Optimize the test : yes
Credentialed checks : no
Patch management checks : None
Display superseded patches : yes (supersedence plugin did not launch)
CGI scanning : disabled
Web application tests : disabled
Max hosts : 256
Max checks : 5
Recv timeout : 5
Backports : None
Allow post-scan editing : Yes
Nessus Plugin Signature Checking : Enabled
Audit File Signature Checking : Disabled
Scan Start Date : 2025/8/8 1:58 EDT (UTC -04:00)
Scan duration : 51 sec
Scan for malware : no
"
"10180","","","None","10.0.0.55","tcp","0","Ping the remote host","It was possible to identify the status of the remote host (alive or
dead).","Nessus was able to determine if the remote host is alive using one or
more of the following ping types :

  - An ARP ping, provided the host is on the local subnet
    and Nessus is running over Ethernet.

  - An ICMP ping.

  - A TCP ping, in which the plugin sends to the remote host
    a packet with the flag SYN, and the host will reply with
    a RST or a SYN/ACK.

  - A UDP ping (e.g., DNS, RPC, and NTP).","n/a","","The remote host is up
The remote host replied to an ICMP echo packet"
"19506","","","None","10.0.0.55","tcp","0","Nessus Scan Information","This plugin displays information about the Nessus scan.","This plugin displays, for each tested host, information about the
scan itself :

  - The version of the plugin set.
  - The type of scanner (Nessus or Nessus Home).
  - The version of the Nessus Engine.
  - The port scanner(s) used.
  - The port range scanned.
  - The ping round trip time 
  - Whether credentialed or third-party patch management
    checks are possible.
  - Whether the display of superseded patches is enabled
  - The date of the scan.
  - The duration of the scan.
  - The number of hosts scanned in parallel.
  - The number of checks done in parallel.","n/a","","Information about this scan : 

Nessus version : 10.9.2
Nessus build : 20017
Plugin feed version : 202508071851
Scanner edition used : Nessus Home
Scanner OS : LINUX
Scanner distribution : ubuntu1604-x86-64
Scan type : Normal
Scan name : My Host Discovery Scan
Scan policy used : Host Discovery
Scanner IP : 172.20.0.2

WARNING : No port scanner was enabled during the scan. This may
lead to incomplete results.

Port range : default
Ping RTT : 5.626 ms
Thorough tests : no
Experimental tests : no
Scan for Unpatched Vulnerabilities : no
Plugin debugging enabled : no
Paranoia level : 1
Report verbosity : 1
Safe checks : yes
Optimize the test : yes
Credentialed checks : no
Patch management checks : None
Display superseded patches : yes (supersedence plugin did not launch)
CGI scanning : disabled
Web application tests : disabled
Max hosts : 256
Max checks : 5
Recv timeout : 5
Backports : None
Allow post-scan editing : Yes
Nessus Plugin Signature Checking : Enabled
Audit File Signature Checking : Disabled
Scan Start Date : 2025/8/8 1:58 EDT (UTC -04:00)
Scan duration : 59 sec
Scan for malware : no
"
"10180","","","None","10.0.0.66","tcp","0","Ping the remote host","It was possible to identify the status of the remote host (alive or
dead).","Nessus was able to determine if the remote host is alive using one or
more of the following ping types :

  - An ARP ping, provided the host is on the local subnet
    and Nessus is running over Ethernet.

  - An ICMP ping.

  - A TCP ping, in which the plugin sends to the remote host
    a packet with the flag SYN, and the host will reply with
    a RST or a SYN/ACK.

  - A UDP ping (e.g., DNS, RPC, and NTP).","n/a","","The remote host is up
The remote host replied to an ICMP echo packet"
"19506","","","None","10.0.0.66","tcp","0","Nessus Scan Information","This plugin displays information about the Nessus scan.","This plugin displays, for each tested host, information about the
scan itself :

  - The version of the plugin set.
  - The type of scanner (Nessus or Nessus Home).
  - The version of the Nessus Engine.
  - The port scanner(s) used.
  - The port range scanned.
  - The ping round trip time 
  - Whether credentialed or third-party patch management
    checks are possible.
  - Whether the display of superseded patches is enabled
  - The date of the scan.
  - The duration of the scan.
  - The number of hosts scanned in parallel.
  - The number of checks done in parallel.","n/a","","Information about this scan : 

Nessus version : 10.9.2
Nessus build : 20017
Plugin feed version : 202508071851
Scanner edition used : Nessus Home
Scanner OS : LINUX
Scanner distribution : ubuntu1604-x86-64
Scan type : Normal
Scan name : My Host Discovery Scan
Scan policy used : Host Discovery
Scanner IP : 172.20.0.2

WARNING : No port scanner was enabled during the scan. This may
lead to incomplete results.

Port range : default
Ping RTT : 5.226 ms
Thorough tests : no
Experimental tests : no
Scan for Unpatched Vulnerabilities : no
Plugin debugging enabled : no
Paranoia level : 1
Report verbosity : 1
Safe checks : yes
Optimize the test : yes
Credentialed checks : no
Patch management checks : None
Display superseded patches : yes (supersedence plugin did not launch)
CGI scanning : disabled
Web application tests : disabled
Max hosts : 256
Max checks : 5
Recv timeout : 5
Backports : None
Allow post-scan editing : Yes
Nessus Plugin Signature Checking : Enabled
Audit File Signature Checking : Disabled
Scan Start Date : 2025/8/8 1:58 EDT (UTC -04:00)
Scan duration : 59 sec
Scan for malware : no
"
"10180","","","None","10.0.0.69","tcp","0","Ping the remote host","It was possible to identify the status of the remote host (alive or
dead).","Nessus was able to determine if the remote host is alive using one or
more of the following ping types :

  - An ARP ping, provided the host is on the local subnet
    and Nessus is running over Ethernet.

  - An ICMP ping.

  - A TCP ping, in which the plugin sends to the remote host
    a packet with the flag SYN, and the host will reply with
    a RST or a SYN/ACK.

  - A UDP ping (e.g., DNS, RPC, and NTP).","n/a","","The remote host is up
The remote host replied to an ICMP echo packet"
"19506","","","None","10.0.0.69","tcp","0","Nessus Scan Information","This plugin displays information about the Nessus scan.","This plugin displays, for each tested host, information about the
scan itself :

  - The version of the plugin set.
  - The type of scanner (Nessus or Nessus Home).
  - The version of the Nessus Engine.
  - The port scanner(s) used.
  - The port range scanned.
  - The ping round trip time 
  - Whether credentialed or third-party patch management
    checks are possible.
  - Whether the display of superseded patches is enabled
  - The date of the scan.
  - The duration of the scan.
  - The number of hosts scanned in parallel.
  - The number of checks done in parallel.","n/a","","Information about this scan : 

Nessus version : 10.9.2
Nessus build : 20017
Plugin feed version : 202508071851
Scanner edition used : Nessus Home
Scanner OS : LINUX
Scanner distribution : ubuntu1604-x86-64
Scan type : Normal
Scan name : My Host Discovery Scan
Scan policy used : Host Discovery
Scanner IP : 172.20.0.2

WARNING : No port scanner was enabled during the scan. This may
lead to incomplete results.

Port range : default
Ping RTT : 5.082 ms
Thorough tests : no
Experimental tests : no
Scan for Unpatched Vulnerabilities : no
Plugin debugging enabled : no
Paranoia level : 1
Report verbosity : 1
Safe checks : yes
Optimize the test : yes
Credentialed checks : no
Patch management checks : None
Display superseded patches : yes (supersedence plugin did not launch)
CGI scanning : disabled
Web application tests : disabled
Max hosts : 256
Max checks : 5
Recv timeout : 5
Backports : None
Allow post-scan editing : Yes
Nessus Plugin Signature Checking : Enabled
Audit File Signature Checking : Disabled
Scan Start Date : 2025/8/8 1:58 EDT (UTC -04:00)
Scan duration : 50 sec
Scan for malware : no
"
"10180","","","None","10.0.0.88","tcp","0","Ping the remote host","It was possible to identify the status of the remote host (alive or
dead).","Nessus was able to determine if the remote host is alive using one or
more of the following ping types :

  - An ARP ping, provided the host is on the local subnet
    and Nessus is running over Ethernet.

  - An ICMP ping.

  - A TCP ping, in which the plugin sends to the remote host
    a packet with the flag SYN, and the host will reply with
    a RST or a SYN/ACK.

  - A UDP ping (e.g., DNS, RPC, and NTP).","n/a","","The remote host is up
The remote host replied to an ICMP echo packet"
"19506","","","None","10.0.0.88","tcp","0","Nessus Scan Information","This plugin displays information about the Nessus scan.","This plugin displays, for each tested host, information about the
scan itself :

  - The version of the plugin set.
  - The type of scanner (Nessus or Nessus Home).
  - The version of the Nessus Engine.
  - The port scanner(s) used.
  - The port range scanned.
  - The ping round trip time 
  - Whether credentialed or third-party patch management
    checks are possible.
  - Whether the display of superseded patches is enabled
  - The date of the scan.
  - The duration of the scan.
  - The number of hosts scanned in parallel.
  - The number of checks done in parallel.","n/a","","Information about this scan : 

Nessus version : 10.9.2
Nessus build : 20017
Plugin feed version : 202508071851
Scanner edition used : Nessus Home
Scanner OS : LINUX
Scanner distribution : ubuntu1604-x86-64
Scan type : Normal
Scan name : My Host Discovery Scan
Scan policy used : Host Discovery
Scanner IP : 172.20.0.2

WARNING : No port scanner was enabled during the scan. This may
lead to incomplete results.

Port range : default
Ping RTT : 4.730 ms
Thorough tests : no
Experimental tests : no
Scan for Unpatched Vulnerabilities : no
Plugin debugging enabled : no
Paranoia level : 1
Report verbosity : 1
Safe checks : yes
Optimize the test : yes
Credentialed checks : no
Patch management checks : None
Display superseded patches : yes (supersedence plugin did not launch)
CGI scanning : disabled
Web application tests : disabled
Max hosts : 256
Max checks : 5
Recv timeout : 5
Backports : None
Allow post-scan editing : Yes
Nessus Plugin Signature Checking : Enabled
Audit File Signature Checking : Disabled
Scan Start Date : 2025/8/8 1:58 EDT (UTC -04:00)
Scan duration : 59 sec
Scan for malware : no
"
"10180","","","None","10.0.0.100","tcp","0","Ping the remote host","It was possible to identify the status of the remote host (alive or
dead).","Nessus was able to determine if the remote host is alive using one or
more of the following ping types :

  - An ARP ping, provided the host is on the local subnet
    and Nessus is running over Ethernet.

  - An ICMP ping.

  - A TCP ping, in which the plugin sends to the remote host
    a packet with the flag SYN, and the host will reply with
    a RST or a SYN/ACK.

  - A UDP ping (e.g., DNS, RPC, and NTP).","n/a","","The remote host is up
The remote host replied to an ICMP echo packet"
"19506","","","None","10.0.0.100","tcp","0","Nessus Scan Information","This plugin displays information about the Nessus scan.","This plugin displays, for each tested host, information about the
scan itself :

  - The version of the plugin set.
  - The type of scanner (Nessus or Nessus Home).
  - The version of the Nessus Engine.
  - The port scanner(s) used.
  - The port range scanned.
  - The ping round trip time 
  - Whether credentialed or third-party patch management
    checks are possible.
  - Whether the display of superseded patches is enabled
  - The date of the scan.
  - The duration of the scan.
  - The number of hosts scanned in parallel.
  - The number of checks done in parallel.","n/a","","Information about this scan : 

Nessus version : 10.9.2
Nessus build : 20017
Plugin feed version : 202508071851
Scanner edition used : Nessus Home
Scanner OS : LINUX
Scanner distribution : ubuntu1604-x86-64
Scan type : Normal
Scan name : My Host Discovery Scan
Scan policy used : Host Discovery
Scanner IP : 172.20.0.2

WARNING : No port scanner was enabled during the scan. This may
lead to incomplete results.

Port range : default
Ping RTT : 3.370 ms
Thorough tests : no
Experimental tests : no
Scan for Unpatched Vulnerabilities : no
Plugin debugging enabled : no
Paranoia level : 1
Report verbosity : 1
Safe checks : yes
Optimize the test : yes
Credentialed checks : no
Patch management checks : None
Display superseded patches : yes (supersedence plugin did not launch)
CGI scanning : disabled
Web application tests : disabled
Max hosts : 256
Max checks : 5
Recv timeout : 5
Backports : None
Allow post-scan editing : Yes
Nessus Plugin Signature Checking : Enabled
Audit File Signature Checking : Disabled
Scan Start Date : 2025/8/8 1:58 EDT (UTC -04:00)
Scan duration : 54 sec
Scan for malware : no
"
"10180","","","None","10.0.0.105","tcp","0","Ping the remote host","It was possible to identify the status of the remote host (alive or
dead).","Nessus was able to determine if the remote host is alive using one or
more of the following ping types :

  - An ARP ping, provided the host is on the local subnet
    and Nessus is running over Ethernet.

  - An ICMP ping.

  - A TCP ping, in which the plugin sends to the remote host
    a packet with the flag SYN, and the host will reply with
    a RST or a SYN/ACK.

  - A UDP ping (e.g., DNS, RPC, and NTP).","n/a","","The remote host is up
The remote host replied to an ICMP echo packet"
"19506","","","None","10.0.0.105","tcp","0","Nessus Scan Information","This plugin displays information about the Nessus scan.","This plugin displays, for each tested host, information about the
scan itself :

  - The version of the plugin set.
  - The type of scanner (Nessus or Nessus Home).
  - The version of the Nessus Engine.
  - The port scanner(s) used.
  - The port range scanned.
  - The ping round trip time 
  - Whether credentialed or third-party patch management
    checks are possible.
  - Whether the display of superseded patches is enabled
  - The date of the scan.
  - The duration of the scan.
  - The number of hosts scanned in parallel.
  - The number of checks done in parallel.","n/a","","Information about this scan : 

Nessus version : 10.9.2
Nessus build : 20017
Plugin feed version : 202508071851
Scanner edition used : Nessus Home
Scanner OS : LINUX
Scanner distribution : ubuntu1604-x86-64
Scan type : Normal
Scan name : My Host Discovery Scan
Scan policy used : Host Discovery
Scanner IP : 172.20.0.2

WARNING : No port scanner was enabled during the scan. This may
lead to incomplete results.

Port range : default
Ping RTT : 6.459 ms
Thorough tests : no
Experimental tests : no
Scan for Unpatched Vulnerabilities : no
Plugin debugging enabled : no
Paranoia level : 1
Report verbosity : 1
Safe checks : yes
Optimize the test : yes
Credentialed checks : no
Patch management checks : None
Display superseded patches : yes (supersedence plugin did not launch)
CGI scanning : disabled
Web application tests : disabled
Max hosts : 256
Max checks : 5
Recv timeout : 5
Backports : None
Allow post-scan editing : Yes
Nessus Plugin Signature Checking : Enabled
Audit File Signature Checking : Disabled
Scan Start Date : 2025/8/8 1:58 EDT (UTC -04:00)
Scan duration : 50 sec
Scan for malware : no
"
"10180","","","None","10.0.0.114","tcp","0","Ping the remote host","It was possible to identify the status of the remote host (alive or
dead).","Nessus was able to determine if the remote host is alive using one or
more of the following ping types :

  - An ARP ping, provided the host is on the local subnet
    and Nessus is running over Ethernet.

  - An ICMP ping.

  - A TCP ping, in which the plugin sends to the remote host
    a packet with the flag SYN, and the host will reply with
    a RST or a SYN/ACK.

  - A UDP ping (e.g., DNS, RPC, and NTP).","n/a","","The remote host is up
The remote host replied to an ICMP echo packet"
"19506","","","None","10.0.0.114","tcp","0","Nessus Scan Information","This plugin displays information about the Nessus scan.","This plugin displays, for each tested host, information about the
scan itself :

  - The version of the plugin set.
  - The type of scanner (Nessus or Nessus Home).
  - The version of the Nessus Engine.
  - The port scanner(s) used.
  - The port range scanned.
  - The ping round trip time 
  - Whether credentialed or third-party patch management
    checks are possible.
  - Whether the display of superseded patches is enabled
  - The date of the scan.
  - The duration of the scan.
  - The number of hosts scanned in parallel.
  - The number of checks done in parallel.","n/a","","Information about this scan : 

Nessus version : 10.9.2
Nessus build : 20017
Plugin feed version : 202508071851
Scanner edition used : Nessus Home
Scanner OS : LINUX
Scanner distribution : ubuntu1604-x86-64
Scan type : Normal
Scan name : My Host Discovery Scan
Scan policy used : Host Discovery
Scanner IP : 172.20.0.2

WARNING : No port scanner was enabled during the scan. This may
lead to incomplete results.

Port range : default
Ping RTT : 3.593 ms
Thorough tests : no
Experimental tests : no
Scan for Unpatched Vulnerabilities : no
Plugin debugging enabled : no
Paranoia level : 1
Report verbosity : 1
Safe checks : yes
Optimize the test : yes
Credentialed checks : no
Patch management checks : None
Display superseded patches : yes (supersedence plugin did not launch)
CGI scanning : disabled
Web application tests : disabled
Max hosts : 256
Max checks : 5
Recv timeout : 5
Backports : None
Allow post-scan editing : Yes
Nessus Plugin Signature Checking : Enabled
Audit File Signature Checking : Disabled
Scan Start Date : 2025/8/8 1:58 EDT (UTC -04:00)
Scan duration : 50 sec
Scan for malware : no
"
"10180","","","None","10.0.0.144","tcp","0","Ping the remote host","It was possible to identify the status of the remote host (alive or
dead).","Nessus was able to determine if the remote host is alive using one or
more of the following ping types :

  - An ARP ping, provided the host is on the local subnet
    and Nessus is running over Ethernet.

  - An ICMP ping.

  - A TCP ping, in which the plugin sends to the remote host
    a packet with the flag SYN, and the host will reply with
    a RST or a SYN/ACK.

  - A UDP ping (e.g., DNS, RPC, and NTP).","n/a","","The remote host is up
The remote host replied to an ICMP echo packet"
"19506","","","None","10.0.0.144","tcp","0","Nessus Scan Information","This plugin displays information about the Nessus scan.","This plugin displays, for each tested host, information about the
scan itself :

  - The version of the plugin set.
  - The type of scanner (Nessus or Nessus Home).
  - The version of the Nessus Engine.
  - The port scanner(s) used.
  - The port range scanned.
  - The ping round trip time 
  - Whether credentialed or third-party patch management
    checks are possible.
  - Whether the display of superseded patches is enabled
  - The date of the scan.
  - The duration of the scan.
  - The number of hosts scanned in parallel.
  - The number of checks done in parallel.","n/a","","Information about this scan : 

Nessus version : 10.9.2
Nessus build : 20017
Plugin feed version : 202508071851
Scanner edition used : Nessus Home
Scanner OS : LINUX
Scanner distribution : ubuntu1604-x86-64
Scan type : Normal
Scan name : My Host Discovery Scan
Scan policy used : Host Discovery
Scanner IP : 172.20.0.2

WARNING : No port scanner was enabled during the scan. This may
lead to incomplete results.

Port range : default
Ping RTT : 53.488 ms
Thorough tests : no
Experimental tests : no
Scan for Unpatched Vulnerabilities : no
Plugin debugging enabled : no
Paranoia level : 1
Report verbosity : 1
Safe checks : yes
Optimize the test : yes
Credentialed checks : no
Patch management checks : None
Display superseded patches : yes (supersedence plugin did not launch)
CGI scanning : disabled
Web application tests : disabled
Max hosts : 256
Max checks : 5
Recv timeout : 5
Backports : None
Allow post-scan editing : Yes
Nessus Plugin Signature Checking : Enabled
Audit File Signature Checking : Disabled
Scan Start Date : 2025/8/8 1:58 EDT (UTC -04:00)
Scan duration : 50 sec
Scan for malware : no
"
"10180","","","None","10.0.0.148","tcp","0","Ping the remote host","It was possible to identify the status of the remote host (alive or
dead).","Nessus was able to determine if the remote host is alive using one or
more of the following ping types :

  - An ARP ping, provided the host is on the local subnet
    and Nessus is running over Ethernet.

  - An ICMP ping.

  - A TCP ping, in which the plugin sends to the remote host
    a packet with the flag SYN, and the host will reply with
    a RST or a SYN/ACK.

  - A UDP ping (e.g., DNS, RPC, and NTP).","n/a","","The remote host is up
The remote host replied to an ICMP echo packet"
"19506","","","None","10.0.0.148","tcp","0","Nessus Scan Information","This plugin displays information about the Nessus scan.","This plugin displays, for each tested host, information about the
scan itself :

  - The version of the plugin set.
  - The type of scanner (Nessus or Nessus Home).
  - The version of the Nessus Engine.
  - The port scanner(s) used.
  - The port range scanned.
  - The ping round trip time 
  - Whether credentialed or third-party patch management
    checks are possible.
  - Whether the display of superseded patches is enabled
  - The date of the scan.
  - The duration of the scan.
  - The number of hosts scanned in parallel.
  - The number of checks done in parallel.","n/a","","Information about this scan : 

Nessus version : 10.9.2
Nessus build : 20017
Plugin feed version : 202508071851
Scanner edition used : Nessus Home
Scanner OS : LINUX
Scanner distribution : ubuntu1604-x86-64
Scan type : Normal
Scan name : My Host Discovery Scan
Scan policy used : Host Discovery
Scanner IP : 172.20.0.2

WARNING : No port scanner was enabled during the scan. This may
lead to incomplete results.

Port range : default
Ping RTT : 3.489 ms
Thorough tests : no
Experimental tests : no
Scan for Unpatched Vulnerabilities : no
Plugin debugging enabled : no
Paranoia level : 1
Report verbosity : 1
Safe checks : yes
Optimize the test : yes
Credentialed checks : no
Patch management checks : None
Display superseded patches : yes (supersedence plugin did not launch)
CGI scanning : disabled
Web application tests : disabled
Max hosts : 256
Max checks : 5
Recv timeout : 5
Backports : None
Allow post-scan editing : Yes
Nessus Plugin Signature Checking : Enabled
Audit File Signature Checking : Disabled
Scan Start Date : 2025/8/8 1:58 EDT (UTC -04:00)
Scan duration : 50 sec
Scan for malware : no
"
"10180","","","None","10.0.0.163","tcp","0","Ping the remote host","It was possible to identify the status of the remote host (alive or
dead).","Nessus was able to determine if the remote host is alive using one or
more of the following ping types :

  - An ARP ping, provided the host is on the local subnet
    and Nessus is running over Ethernet.

  - An ICMP ping.

  - A TCP ping, in which the plugin sends to the remote host
    a packet with the flag SYN, and the host will reply with
    a RST or a SYN/ACK.

  - A UDP ping (e.g., DNS, RPC, and NTP).","n/a","","The remote host is up
The remote host replied to an ICMP echo packet"
"19506","","","None","10.0.0.163","tcp","0","Nessus Scan Information","This plugin displays information about the Nessus scan.","This plugin displays, for each tested host, information about the
scan itself :

  - The version of the plugin set.
  - The type of scanner (Nessus or Nessus Home).
  - The version of the Nessus Engine.
  - The port scanner(s) used.
  - The port range scanned.
  - The ping round trip time 
  - Whether credentialed or third-party patch management
    checks are possible.
  - Whether the display of superseded patches is enabled
  - The date of the scan.
  - The duration of the scan.
  - The number of hosts scanned in parallel.
  - The number of checks done in parallel.","n/a","","Information about this scan : 

Nessus version : 10.9.2
Nessus build : 20017
Plugin feed version : 202508071851
Scanner edition used : Nessus Home
Scanner OS : LINUX
Scanner distribution : ubuntu1604-x86-64
Scan type : Normal
Scan name : My Host Discovery Scan
Scan policy used : Host Discovery
Scanner IP : 172.20.0.2

WARNING : No port scanner was enabled during the scan. This may
lead to incomplete results.

Port range : default
Ping RTT : 64.911 ms
Thorough tests : no
Experimental tests : no
Scan for Unpatched Vulnerabilities : no
Plugin debugging enabled : no
Paranoia level : 1
Report verbosity : 1
Safe checks : yes
Optimize the test : yes
Credentialed checks : no
Patch management checks : None
Display superseded patches : yes (supersedence plugin did not launch)
CGI scanning : disabled
Web application tests : disabled
Max hosts : 256
Max checks : 5
Recv timeout : 5
Backports : None
Allow post-scan editing : Yes
Nessus Plugin Signature Checking : Enabled
Audit File Signature Checking : Disabled
Scan Start Date : 2025/8/8 1:59 EDT (UTC -04:00)
Scan duration : 55 sec
Scan for malware : no
"
"10180","","","None","10.0.0.165","tcp","0","Ping the remote host","It was possible to identify the status of the remote host (alive or
dead).","Nessus was able to determine if the remote host is alive using one or
more of the following ping types :

  - An ARP ping, provided the host is on the local subnet
    and Nessus is running over Ethernet.

  - An ICMP ping.

  - A TCP ping, in which the plugin sends to the remote host
    a packet with the flag SYN, and the host will reply with
    a RST or a SYN/ACK.

  - A UDP ping (e.g., DNS, RPC, and NTP).","n/a","","The remote host is up
The remote host replied to an ICMP echo packet"
"19506","","","None","10.0.0.165","tcp","0","Nessus Scan Information","This plugin displays information about the Nessus scan.","This plugin displays, for each tested host, information about the
scan itself :

  - The version of the plugin set.
  - The type of scanner (Nessus or Nessus Home).
  - The version of the Nessus Engine.
  - The port scanner(s) used.
  - The port range scanned.
  - The ping round trip time 
  - Whether credentialed or third-party patch management
    checks are possible.
  - Whether the display of superseded patches is enabled
  - The date of the scan.
  - The duration of the scan.
  - The number of hosts scanned in parallel.
  - The number of checks done in parallel.","n/a","","Information about this scan : 

Nessus version : 10.9.2
Nessus build : 20017
Plugin feed version : 202508071851
Scanner edition used : Nessus Home
Scanner OS : LINUX
Scanner distribution : ubuntu1604-x86-64
Scan type : Normal
Scan name : My Host Discovery Scan
Scan policy used : Host Discovery
Scanner IP : 172.20.0.2

WARNING : No port scanner was enabled during the scan. This may
lead to incomplete results.

Port range : default
Ping RTT : 97.878 ms
Thorough tests : no
Experimental tests : no
Scan for Unpatched Vulnerabilities : no
Plugin debugging enabled : no
Paranoia level : 1
Report verbosity : 1
Safe checks : yes
Optimize the test : yes
Credentialed checks : no
Patch management checks : None
Display superseded patches : yes (supersedence plugin did not launch)
CGI scanning : disabled
Web application tests : disabled
Max hosts : 256
Max checks : 5
Recv timeout : 5
Backports : None
Allow post-scan editing : Yes
Nessus Plugin Signature Checking : Enabled
Audit File Signature Checking : Disabled
Scan Start Date : 2025/8/8 1:59 EDT (UTC -04:00)
Scan duration : 50 sec
Scan for malware : no
"
"10180","","","None","10.0.0.192","tcp","0","Ping the remote host","It was possible to identify the status of the remote host (alive or
dead).","Nessus was able to determine if the remote host is alive using one or
more of the following ping types :

  - An ARP ping, provided the host is on the local subnet
    and Nessus is running over Ethernet.

  - An ICMP ping.

  - A TCP ping, in which the plugin sends to the remote host
    a packet with the flag SYN, and the host will reply with
    a RST or a SYN/ACK.

  - A UDP ping (e.g., DNS, RPC, and NTP).","n/a","","The remote host is up
The remote host replied to an ICMP echo packet"
"19506","","","None","10.0.0.192","tcp","0","Nessus Scan Information","This plugin displays information about the Nessus scan.","This plugin displays, for each tested host, information about the
scan itself :

  - The version of the plugin set.
  - The type of scanner (Nessus or Nessus Home).
  - The version of the Nessus Engine.
  - The port scanner(s) used.
  - The port range scanned.
  - The ping round trip time 
  - Whether credentialed or third-party patch management
    checks are possible.
  - Whether the display of superseded patches is enabled
  - The date of the scan.
  - The duration of the scan.
  - The number of hosts scanned in parallel.
  - The number of checks done in parallel.","n/a","","Information about this scan : 

Nessus version : 10.9.2
Nessus build : 20017
Plugin feed version : 202508071851
Scanner edition used : Nessus Home
Scanner OS : LINUX
Scanner distribution : ubuntu1604-x86-64
Scan type : Normal
Scan name : My Host Discovery Scan
Scan policy used : Host Discovery
Scanner IP : 172.20.0.2

WARNING : No port scanner was enabled during the scan. This may
lead to incomplete results.

Port range : default
Ping RTT : 3.629 ms
Thorough tests : no
Experimental tests : no
Scan for Unpatched Vulnerabilities : no
Plugin debugging enabled : no
Paranoia level : 1
Report verbosity : 1
Safe checks : yes
Optimize the test : yes
Credentialed checks : no
Patch management checks : None
Display superseded patches : yes (supersedence plugin did not launch)
CGI scanning : disabled
Web application tests : disabled
Max hosts : 256
Max checks : 5
Recv timeout : 5
Backports : None
Allow post-scan editing : Yes
Nessus Plugin Signature Checking : Enabled
Audit File Signature Checking : Disabled
Scan Start Date : 2025/8/8 1:59 EDT (UTC -04:00)
Scan duration : 55 sec
Scan for malware : no
"
"10180","","","None","10.0.0.210","tcp","0","Ping the remote host","It was possible to identify the status of the remote host (alive or
dead).","Nessus was able to determine if the remote host is alive using one or
more of the following ping types :

  - An ARP ping, provided the host is on the local subnet
    and Nessus is running over Ethernet.

  - An ICMP ping.

  - A TCP ping, in which the plugin sends to the remote host
    a packet with the flag SYN, and the host will reply with
    a RST or a SYN/ACK.

  - A UDP ping (e.g., DNS, RPC, and NTP).","n/a","","The remote host is up
The remote host replied to an ICMP echo packet"
"19506","","","None","10.0.0.210","tcp","0","Nessus Scan Information","This plugin displays information about the Nessus scan.","This plugin displays, for each tested host, information about the
scan itself :

  - The version of the plugin set.
  - The type of scanner (Nessus or Nessus Home).
  - The version of the Nessus Engine.
  - The port scanner(s) used.
  - The port range scanned.
  - The ping round trip time 
  - Whether credentialed or third-party patch management
    checks are possible.
  - Whether the display of superseded patches is enabled
  - The date of the scan.
  - The duration of the scan.
  - The number of hosts scanned in parallel.
  - The number of checks done in parallel.","n/a","","Information about this scan : 

Nessus version : 10.9.2
Nessus build : 20017
Plugin feed version : 202508071851
Scanner edition used : Nessus Home
Scanner OS : LINUX
Scanner distribution : ubuntu1604-x86-64
Scan type : Normal
Scan name : My Host Discovery Scan
Scan policy used : Host Discovery
Scanner IP : 172.20.0.2

WARNING : No port scanner was enabled during the scan. This may
lead to incomplete results.

Port range : default
Ping RTT : 4.732 ms
Thorough tests : no
Experimental tests : no
Scan for Unpatched Vulnerabilities : no
Plugin debugging enabled : no
Paranoia level : 1
Report verbosity : 1
Safe checks : yes
Optimize the test : yes
Credentialed checks : no
Patch management checks : None
Display superseded patches : yes (supersedence plugin did not launch)
CGI scanning : disabled
Web application tests : disabled
Max hosts : 256
Max checks : 5
Recv timeout : 5
Backports : None
Allow post-scan editing : Yes
Nessus Plugin Signature Checking : Enabled
Audit File Signature Checking : Disabled
Scan Start Date : 2025/8/8 1:59 EDT (UTC -04:00)
Scan duration : 50 sec
Scan for malware : no
"
"10180","","","None","10.0.0.215","tcp","0","Ping the remote host","It was possible to identify the status of the remote host (alive or
dead).","Nessus was able to determine if the remote host is alive using one or
more of the following ping types :

  - An ARP ping, provided the host is on the local subnet
    and Nessus is running over Ethernet.

  - An ICMP ping.

  - A TCP ping, in which the plugin sends to the remote host
    a packet with the flag SYN, and the host will reply with
    a RST or a SYN/ACK.

  - A UDP ping (e.g., DNS, RPC, and NTP).","n/a","","The remote host is up
The remote host replied to an ICMP echo packet"
"19506","","","None","10.0.0.215","tcp","0","Nessus Scan Information","This plugin displays information about the Nessus scan.","This plugin displays, for each tested host, information about the
scan itself :

  - The version of the plugin set.
  - The type of scanner (Nessus or Nessus Home).
  - The version of the Nessus Engine.
  - The port scanner(s) used.
  - The port range scanned.
  - The ping round trip time 
  - Whether credentialed or third-party patch management
    checks are possible.
  - Whether the display of superseded patches is enabled
  - The date of the scan.
  - The duration of the scan.
  - The number of hosts scanned in parallel.
  - The number of checks done in parallel.","n/a","","Information about this scan : 

Nessus version : 10.9.2
Nessus build : 20017
Plugin feed version : 202508071851
Scanner edition used : Nessus Home
Scanner OS : LINUX
Scanner distribution : ubuntu1604-x86-64
Scan type : Normal
Scan name : My Host Discovery Scan
Scan policy used : Host Discovery
Scanner IP : 172.20.0.2

WARNING : No port scanner was enabled during the scan. This may
lead to incomplete results.

Port range : default
Ping RTT : 4.331 ms
Thorough tests : no
Experimental tests : no
Scan for Unpatched Vulnerabilities : no
Plugin debugging enabled : no
Paranoia level : 1
Report verbosity : 1
Safe checks : yes
Optimize the test : yes
Credentialed checks : no
Patch management checks : None
Display superseded patches : yes (supersedence plugin did not launch)
CGI scanning : disabled
Web application tests : disabled
Max hosts : 256
Max checks : 5
Recv timeout : 5
Backports : None
Allow post-scan editing : Yes
Nessus Plugin Signature Checking : Enabled
Audit File Signature Checking : Disabled
Scan Start Date : 2025/8/8 1:59 EDT (UTC -04:00)
Scan duration : 54 sec
Scan for malware : no
"
"10180","","","None","10.0.0.216","tcp","0","Ping the remote host","It was possible to identify the status of the remote host (alive or
dead).","Nessus was able to determine if the remote host is alive using one or
more of the following ping types :

  - An ARP ping, provided the host is on the local subnet
    and Nessus is running over Ethernet.

  - An ICMP ping.

  - A TCP ping, in which the plugin sends to the remote host
    a packet with the flag SYN, and the host will reply with
    a RST or a SYN/ACK.

  - A UDP ping (e.g., DNS, RPC, and NTP).","n/a","","The remote host is up
The remote host replied to an ICMP echo packet"
"19506","","","None","10.0.0.216","tcp","0","Nessus Scan Information","This plugin displays information about the Nessus scan.","This plugin displays, for each tested host, information about the
scan itself :

  - The version of the plugin set.
  - The type of scanner (Nessus or Nessus Home).
  - The version of the Nessus Engine.
  - The port scanner(s) used.
  - The port range scanned.
  - The ping round trip time 
  - Whether credentialed or third-party patch management
    checks are possible.
  - Whether the display of superseded patches is enabled
  - The date of the scan.
  - The duration of the scan.
  - The number of hosts scanned in parallel.
  - The number of checks done in parallel.","n/a","","Information about this scan : 

Nessus version : 10.9.2
Nessus build : 20017
Plugin feed version : 202508071851
Scanner edition used : Nessus Home
Scanner OS : LINUX
Scanner distribution : ubuntu1604-x86-64
Scan type : Normal
Scan name : My Host Discovery Scan
Scan policy used : Host Discovery
Scanner IP : 172.20.0.2

WARNING : No port scanner was enabled during the scan. This may
lead to incomplete results.

Port range : default
Ping RTT : 3.490 ms
Thorough tests : no
Experimental tests : no
Scan for Unpatched Vulnerabilities : no
Plugin debugging enabled : no
Paranoia level : 1
Report verbosity : 1
Safe checks : yes
Optimize the test : yes
Credentialed checks : no
Patch management checks : None
Display superseded patches : yes (supersedence plugin did not launch)
CGI scanning : disabled
Web application tests : disabled
Max hosts : 256
Max checks : 5
Recv timeout : 5
Backports : None
Allow post-scan editing : Yes
Nessus Plugin Signature Checking : Enabled
Audit File Signature Checking : Disabled
Scan Start Date : 2025/8/8 1:59 EDT (UTC -04:00)
Scan duration : 59 sec
Scan for malware : no
"
"10180","","","None","10.0.0.240","tcp","0","Ping the remote host","It was possible to identify the status of the remote host (alive or
dead).","Nessus was able to determine if the remote host is alive using one or
more of the following ping types :

  - An ARP ping, provided the host is on the local subnet
    and Nessus is running over Ethernet.

  - An ICMP ping.

  - A TCP ping, in which the plugin sends to the remote host
    a packet with the flag SYN, and the host will reply with
    a RST or a SYN/ACK.

  - A UDP ping (e.g., DNS, RPC, and NTP).","n/a","","The remote host is up
The remote host replied to an ICMP echo packet"
"19506","","","None","10.0.0.240","tcp","0","Nessus Scan Information","This plugin displays information about the Nessus scan.","This plugin displays, for each tested host, information about the
scan itself :

  - The version of the plugin set.
  - The type of scanner (Nessus or Nessus Home).
  - The version of the Nessus Engine.
  - The port scanner(s) used.
  - The port range scanned.
  - The ping round trip time 
  - Whether credentialed or third-party patch management
    checks are possible.
  - Whether the display of superseded patches is enabled
  - The date of the scan.
  - The duration of the scan.
  - The number of hosts scanned in parallel.
  - The number of checks done in parallel.","n/a","","Information about this scan : 

Nessus version : 10.9.2
Nessus build : 20017
Plugin feed version : 202508071851
Scanner edition used : Nessus Home
Scanner OS : LINUX
Scanner distribution : ubuntu1604-x86-64
Scan type : Normal
Scan name : My Host Discovery Scan
Scan policy used : Host Discovery
Scanner IP : 172.20.0.2

WARNING : No port scanner was enabled during the scan. This may
lead to incomplete results.

Port range : default
Ping RTT : 3.951 ms
Thorough tests : no
Experimental tests : no
Scan for Unpatched Vulnerabilities : no
Plugin debugging enabled : no
Paranoia level : 1
Report verbosity : 1
Safe checks : yes
Optimize the test : yes
Credentialed checks : no
Patch management checks : None
Display superseded patches : yes (supersedence plugin did not launch)
CGI scanning : disabled
Web application tests : disabled
Max hosts : 256
Max checks : 5
Recv timeout : 5
Backports : None
Allow post-scan editing : Yes
Nessus Plugin Signature Checking : Enabled
Audit File Signature Checking : Disabled
Scan Start Date : 2025/8/8 1:59 EDT (UTC -04:00)
Scan duration : 50 sec
Scan for malware : no
"
"10180","","","None","10.0.0.254","tcp","0","Ping the remote host","It was possible to identify the status of the remote host (alive or
dead).","Nessus was able to determine if the remote host is alive using one or
more of the following ping types :

  - An ARP ping, provided the host is on the local subnet
    and Nessus is running over Ethernet.

  - An ICMP ping.

  - A TCP ping, in which the plugin sends to the remote host
    a packet with the flag SYN, and the host will reply with
    a RST or a SYN/ACK.

  - A UDP ping (e.g., DNS, RPC, and NTP).","n/a","","The remote host is up
The remote host replied to an ICMP echo packet"
"19506","","","None","10.0.0.254","tcp","0","Nessus Scan Information","This plugin displays information about the Nessus scan.","This plugin displays, for each tested host, information about the
scan itself :

  - The version of the plugin set.
  - The type of scanner (Nessus or Nessus Home).
  - The version of the Nessus Engine.
  - The port scanner(s) used.
  - The port range scanned.
  - The ping round trip time 
  - Whether credentialed or third-party patch management
    checks are possible.
  - Whether the display of superseded patches is enabled
  - The date of the scan.
  - The duration of the scan.
  - The number of hosts scanned in parallel.
  - The number of checks done in parallel.","n/a","","Information about this scan : 

Nessus version : 10.9.2
Nessus build : 20017
Plugin feed version : 202508071851
Scanner edition used : Nessus Home
Scanner OS : LINUX
Scanner distribution : ubuntu1604-x86-64
Scan type : Normal
Scan name : My Host Discovery Scan
Scan policy used : Host Discovery
Scanner IP : 172.20.0.2

WARNING : No port scanner was enabled during the scan. This may
lead to incomplete results.

Port range : default
Ping RTT : 5.088 ms
Thorough tests : no
Experimental tests : no
Scan for Unpatched Vulnerabilities : no
Plugin debugging enabled : no
Paranoia level : 1
Report verbosity : 1
Safe checks : yes
Optimize the test : yes
Credentialed checks : no
Patch management checks : None
Display superseded patches : yes (supersedence plugin did not launch)
CGI scanning : disabled
Web application tests : disabled
Max hosts : 256
Max checks : 5
Recv timeout : 5
Backports : None
Allow post-scan editing : Yes
Nessus Plugin Signature Checking : Enabled
Audit File Signature Checking : Disabled
Scan Start Date : 2025/8/8 1:59 EDT (UTC -04:00)
Scan duration : 59 sec
Scan for malware : no
"
